INSERT INTO Departments (abbreviation, name) VALUES('CH','Chemistry');
INSERT INTO Departments (abbreviation, name) VALUES('CSC','Computer Science');

INSERT INTO Nationality (country_name) VALUES('Afghanistan');
INSERT INTO Nationality (country_name) VALUES('Albania');
INSERT INTO Nationality (country_name) VALUES('Algeria');
INSERT INTO Nationality (country_name) VALUES('Andorra');
INSERT INTO Nationality (country_name) VALUES('Angola');
INSERT INTO Nationality (country_name) VALUES('Antigua and Barbuda');
INSERT INTO Nationality (country_name) VALUES('Argentina');
INSERT INTO Nationality (country_name) VALUES('Armenia');
INSERT INTO Nationality (country_name) VALUES('Australia');
INSERT INTO Nationality (country_name) VALUES('Austria');
INSERT INTO Nationality (country_name) VALUES('Azerbaijan');
INSERT INTO Nationality (country_name) VALUES('Bahamas');
INSERT INTO Nationality (country_name) VALUES('Bahrain');
INSERT INTO Nationality (country_name) VALUES('Bangladesh');
INSERT INTO Nationality (country_name) VALUES('Barbados');
INSERT INTO Nationality (country_name) VALUES('Belarus');
INSERT INTO Nationality (country_name) VALUES('Belgium');
INSERT INTO Nationality (country_name) VALUES('Belize');
INSERT INTO Nationality (country_name) VALUES('Benin');
INSERT INTO Nationality (country_name) VALUES('Bhutan');
INSERT INTO Nationality (country_name) VALUES('Bolivia');
INSERT INTO Nationality (country_name) VALUES('Bosnia and Herzegovina');
INSERT INTO Nationality (country_name) VALUES('Botswana');
INSERT INTO Nationality (country_name) VALUES('Brazil');
INSERT INTO Nationality (country_name) VALUES('Brunei');
INSERT INTO Nationality (country_name) VALUES('Bulgaria');
INSERT INTO Nationality (country_name) VALUES('Burkina Faso');
INSERT INTO Nationality (country_name) VALUES('Burundi');
INSERT INTO Nationality (country_name) VALUES('Cabo Verde');
INSERT INTO Nationality (country_name) VALUES('Cambodia');
INSERT INTO Nationality (country_name) VALUES('Cameroon');
INSERT INTO Nationality (country_name) VALUES('Canada');
INSERT INTO Nationality (country_name) VALUES('Central African Republic');
INSERT INTO Nationality (country_name) VALUES('Chad');
INSERT INTO Nationality (country_name) VALUES('Chile');
INSERT INTO Nationality (country_name) VALUES('China');
INSERT INTO Nationality (country_name) VALUES('Colombia');
INSERT INTO Nationality (country_name) VALUES('Comoros');
INSERT INTO Nationality (country_name) VALUES('Congo, Republic of the');
INSERT INTO Nationality (country_name) VALUES('Congo, Democratic Republic of the');
INSERT INTO Nationality (country_name) VALUES('Costa Rica');
INSERT INTO Nationality (country_name) VALUES('Cote d''Ivoire');
INSERT INTO Nationality (country_name) VALUES('Croatia');
INSERT INTO Nationality (country_name) VALUES('Cuba');
INSERT INTO Nationality (country_name) VALUES('Cyprus');
INSERT INTO Nationality (country_name) VALUES('Czech Republic');
INSERT INTO Nationality (country_name) VALUES('Denmark');
INSERT INTO Nationality (country_name) VALUES('Djibouti');
INSERT INTO Nationality (country_name) VALUES('Dominica');
INSERT INTO Nationality (country_name) VALUES('Dominican Republic');
INSERT INTO Nationality (country_name) VALUES('Ecuador');
INSERT INTO Nationality (country_name) VALUES('Egypt');
INSERT INTO Nationality (country_name) VALUES('El Salvador');
INSERT INTO Nationality (country_name) VALUES('Equatorial Guinea');
INSERT INTO Nationality (country_name) VALUES('Eritrea');
INSERT INTO Nationality (country_name) VALUES('Estonia');
INSERT INTO Nationality (country_name) VALUES('Ethiopia');
INSERT INTO Nationality (country_name) VALUES('Fiji');
INSERT INTO Nationality (country_name) VALUES('Finland');
INSERT INTO Nationality (country_name) VALUES('France');
INSERT INTO Nationality (country_name) VALUES('Gabon');
INSERT INTO Nationality (country_name) VALUES('Gambia');
INSERT INTO Nationality (country_name) VALUES('Georgia');
INSERT INTO Nationality (country_name) VALUES('Germany');
INSERT INTO Nationality (country_name) VALUES('Ghana');
INSERT INTO Nationality (country_name) VALUES('Greece');
INSERT INTO Nationality (country_name) VALUES('Grenada');
INSERT INTO Nationality (country_name) VALUES('Guatemala');
INSERT INTO Nationality (country_name) VALUES('Guinea');
INSERT INTO Nationality (country_name) VALUES('Guinea-Bissau');
INSERT INTO Nationality (country_name) VALUES('Guyana');
INSERT INTO Nationality (country_name) VALUES('Haiti');
INSERT INTO Nationality (country_name) VALUES('Honduras');
INSERT INTO Nationality (country_name) VALUES('Hungary');
INSERT INTO Nationality (country_name) VALUES('Iceland');
INSERT INTO Nationality (country_name) VALUES('India');
INSERT INTO Nationality (country_name) VALUES('Indonesia');
INSERT INTO Nationality (country_name) VALUES('Iran');
INSERT INTO Nationality (country_name) VALUES('Iraq');
INSERT INTO Nationality (country_name) VALUES('Ireland');
INSERT INTO Nationality (country_name) VALUES('Israel');
INSERT INTO Nationality (country_name) VALUES('Italy');
INSERT INTO Nationality (country_name) VALUES('Jamaica');
INSERT INTO Nationality (country_name) VALUES('Japan');
INSERT INTO Nationality (country_name) VALUES('Jordan');
INSERT INTO Nationality (country_name) VALUES('Kazakhstan');
INSERT INTO Nationality (country_name) VALUES('Kenya');
INSERT INTO Nationality (country_name) VALUES('Kiribati');
INSERT INTO Nationality (country_name) VALUES('Kosovo');
INSERT INTO Nationality (country_name) VALUES('Kuwait');
INSERT INTO Nationality (country_name) VALUES('Kyrgyzstan');
INSERT INTO Nationality (country_name) VALUES('Laos');
INSERT INTO Nationality (country_name) VALUES('Latvia');
INSERT INTO Nationality (country_name) VALUES('Lebanon');
INSERT INTO Nationality (country_name) VALUES('Lesotho');
INSERT INTO Nationality (country_name) VALUES('Liberia');
INSERT INTO Nationality (country_name) VALUES('Libya');
INSERT INTO Nationality (country_name) VALUES('Liechtenstein');
INSERT INTO Nationality (country_name) VALUES('Lithuania');
INSERT INTO Nationality (country_name) VALUES('Luxembourg');
INSERT INTO Nationality (country_name) VALUES('Macedonia');
INSERT INTO Nationality (country_name) VALUES('Madagascar');
INSERT INTO Nationality (country_name) VALUES('Malawi');
INSERT INTO Nationality (country_name) VALUES('Malaysia');
INSERT INTO Nationality (country_name) VALUES('Maldives');
INSERT INTO Nationality (country_name) VALUES('Mali');
INSERT INTO Nationality (country_name) VALUES('Malta');
INSERT INTO Nationality (country_name) VALUES('Marshall Islands');
INSERT INTO Nationality (country_name) VALUES('Mauritania');
INSERT INTO Nationality (country_name) VALUES('Mauritius');
INSERT INTO Nationality (country_name) VALUES('Mexico');
INSERT INTO Nationality (country_name) VALUES('Micronesia');
INSERT INTO Nationality (country_name) VALUES('Moldova');
INSERT INTO Nationality (country_name) VALUES('Monaco');
INSERT INTO Nationality (country_name) VALUES('Mongolia');
INSERT INTO Nationality (country_name) VALUES('Montenegro');
INSERT INTO Nationality (country_name) VALUES('Morocco');
INSERT INTO Nationality (country_name) VALUES('Mozambique');
INSERT INTO Nationality (country_name) VALUES('Myanmar (Burma)');
INSERT INTO Nationality (country_name) VALUES('Namibia');
INSERT INTO Nationality (country_name) VALUES('Nauru');
INSERT INTO Nationality (country_name) VALUES('Nepal');
INSERT INTO Nationality (country_name) VALUES('Netherlands');
INSERT INTO Nationality (country_name) VALUES('New Zealand');
INSERT INTO Nationality (country_name) VALUES('Nicaragua');
INSERT INTO Nationality (country_name) VALUES('Niger');
INSERT INTO Nationality (country_name) VALUES('Nigeria');
INSERT INTO Nationality (country_name) VALUES('North Korea');
INSERT INTO Nationality (country_name) VALUES('Norway');
INSERT INTO Nationality (country_name) VALUES('Oman');
INSERT INTO Nationality (country_name) VALUES('Pakistan');
INSERT INTO Nationality (country_name) VALUES('Palau');
INSERT INTO Nationality (country_name) VALUES('Palestine');
INSERT INTO Nationality (country_name) VALUES('Panama');
INSERT INTO Nationality (country_name) VALUES('Papua New Guinea');
INSERT INTO Nationality (country_name) VALUES('Paraguay');
INSERT INTO Nationality (country_name) VALUES('Peru');
INSERT INTO Nationality (country_name) VALUES('Philippines');
INSERT INTO Nationality (country_name) VALUES('Poland');
INSERT INTO Nationality (country_name) VALUES('Portugal');
INSERT INTO Nationality (country_name) VALUES('Qatar');
INSERT INTO Nationality (country_name) VALUES('Romania');
INSERT INTO Nationality (country_name) VALUES('Russia');
INSERT INTO Nationality (country_name) VALUES('Rwanda');
INSERT INTO Nationality (country_name) VALUES('St. Kitts and Nevis');
INSERT INTO Nationality (country_name) VALUES('St. Lucia');
INSERT INTO Nationality (country_name) VALUES('St. Vincent and The Grenadines');
INSERT INTO Nationality (country_name) VALUES('Samoa');
INSERT INTO Nationality (country_name) VALUES('San Marino');
INSERT INTO Nationality (country_name) VALUES('Sao Tome and Principe');
INSERT INTO Nationality (country_name) VALUES('Saudi Arabia');
INSERT INTO Nationality (country_name) VALUES('Senegal');
INSERT INTO Nationality (country_name) VALUES('Serbia');
INSERT INTO Nationality (country_name) VALUES('Seychelles');
INSERT INTO Nationality (country_name) VALUES('Sierra Leone');
INSERT INTO Nationality (country_name) VALUES('Singapore');
INSERT INTO Nationality (country_name) VALUES('Slovakia');
INSERT INTO Nationality (country_name) VALUES('Slovenia');
INSERT INTO Nationality (country_name) VALUES('Solomon Islands');
INSERT INTO Nationality (country_name) VALUES('Somalia');
INSERT INTO Nationality (country_name) VALUES('South Africa');
INSERT INTO Nationality (country_name) VALUES('South Korea');
INSERT INTO Nationality (country_name) VALUES('South Sudan');
INSERT INTO Nationality (country_name) VALUES('Spain');
INSERT INTO Nationality (country_name) VALUES('Sri Lanka');
INSERT INTO Nationality (country_name) VALUES('Sudan');
INSERT INTO Nationality (country_name) VALUES('Suriname');
INSERT INTO Nationality (country_name) VALUES('Swaziland');
INSERT INTO Nationality (country_name) VALUES('Sweden');
INSERT INTO Nationality (country_name) VALUES('Switzerland');
INSERT INTO Nationality (country_name) VALUES('Syria');
INSERT INTO Nationality (country_name) VALUES('Taiwan');
INSERT INTO Nationality (country_name) VALUES('Tajikistan');
INSERT INTO Nationality (country_name) VALUES('Tanzania');
INSERT INTO Nationality (country_name) VALUES('Thailand');
INSERT INTO Nationality (country_name) VALUES('Timor-Leste');
INSERT INTO Nationality (country_name) VALUES('Togo');
INSERT INTO Nationality (country_name) VALUES('Tonga');
INSERT INTO Nationality (country_name) VALUES('Trinidad and Tobago');
INSERT INTO Nationality (country_name) VALUES('Tunisia');
INSERT INTO Nationality (country_name) VALUES('Turkey');
INSERT INTO Nationality (country_name) VALUES('Turkmenistan');
INSERT INTO Nationality (country_name) VALUES('Tuvalu');
INSERT INTO Nationality (country_name) VALUES('Uganda');
INSERT INTO Nationality (country_name) VALUES('Ukraine');
INSERT INTO Nationality (country_name) VALUES('United Arab Emirates');
INSERT INTO Nationality (country_name) VALUES('UK (United Kingdom)');
INSERT INTO Nationality (country_name) VALUES('USA (United States of America)');
INSERT INTO Nationality (country_name) VALUES('Uruguay');
INSERT INTO Nationality (country_name) VALUES('Uzbekistan');
INSERT INTO Nationality (country_name) VALUES('Vanuatu');
INSERT INTO Nationality (country_name) VALUES('Vatican City (Holy See)');
INSERT INTO Nationality (country_name) VALUES('Venezuela');
INSERT INTO Nationality (country_name) VALUES('Vietnam');
INSERT INTO Nationality (country_name) VALUES('Yemen');
INSERT INTO Nationality (country_name) VALUES('Zambia');
INSERT INTO Nationality (country_name) VALUES('Zimbabwe');

INSERT INTO Degree_Program (program) VALUES('B.S.');
INSERT INTO Degree_Program (program) VALUES('M.S.');
INSERT INTO Degree_Program (program) VALUES('M.A.');
INSERT INTO Degree_Program (program) VALUES('Ph.D.');

INSERT INTO Faculty_Category (category) VALUES('Assistant Professor');
INSERT INTO Faculty_Category (category) VALUES('Associate Professor');
INSERT INTO Faculty_Category (category) VALUES('Professor');
INSERT INTO Faculty_Category (category) VALUES('Lecturer');

INSERT INTO Courses (id,name,dep_abbreviation) VALUES(111,'Intro to Computing: Python','CSC');
INSERT INTO Courses (id,name,dep_abbreviation) VALUES(112,'Introduction to Computing','CSC');
INSERT INTO Courses (id,name,dep_abbreviation) VALUES(113,'Introduction to Computing','CSC');
INSERT INTO Courses (id,name,dep_abbreviation) VALUES(114,'Introduction to Computing','CSC');
INSERT INTO Courses (id,name,dep_abbreviation) VALUES(116,'Introduction to Computing','CSC');
INSERT INTO Courses (id,name,dep_abbreviation) VALUES(200,'Introduction to Computers and Their Uses','CSC');
INSERT INTO Courses (id,name,dep_abbreviation) VALUES(214,'Programming Concepts','CSC');
INSERT INTO Courses (id,name,dep_abbreviation) VALUES(216,'Programming Concepts','CSC');
INSERT INTO Courses (id,name,dep_abbreviation) VALUES(224,'Applied Discrete Mathematics','CSC');
INSERT INTO Courses (id,name,dep_abbreviation) VALUES(226,'Discrete Mathematics for Computer Scientists','CSC');
INSERT INTO Courses (id,name,dep_abbreviation) VALUES(230,'C and Software Tools','CSC');
INSERT INTO Courses (id,name,dep_abbreviation) VALUES(234,'Computer Organization and Assembly Language','CSC');
INSERT INTO Courses (id,name,dep_abbreviation) VALUES(236,'Computer Organization and Assembly Language for Computer Scientists','CSC');
INSERT INTO Courses (id,name,dep_abbreviation) VALUES(244,'Concepts and Facilities of Operating Systems','CSC');
INSERT INTO Courses (id,name,dep_abbreviation) VALUES(246,'Concepts and Facilities of Operating Systems for Computer Scientists','CSC');
INSERT INTO Courses (id,name,dep_abbreviation) VALUES(251,'Web Page Development','CSC');
INSERT INTO Courses (id,name,dep_abbreviation) VALUES(252,'Introduction to Software Testing','CSC');
INSERT INTO Courses (id,name,dep_abbreviation) VALUES(255,'String Processing Languages','CSC');
INSERT INTO Courses (id,name,dep_abbreviation) VALUES(257,'Introduction to Java','CSC');
INSERT INTO Courses (id,name,dep_abbreviation) VALUES(281,'Foundations of Interactive Game Design','CSC');
INSERT INTO Courses (id,name,dep_abbreviation) VALUES(295,'Special Topics in Computer Science','CSC');
INSERT INTO Courses (id,name,dep_abbreviation) VALUES(302,'Introduction to Numerical Methods','CSC');
INSERT INTO Courses (id,name,dep_abbreviation) VALUES(314,'Data Structures','CSC');
INSERT INTO Courses (id,name,dep_abbreviation) VALUES(316,'Data Structures for Computer Scientists','CSC');
INSERT INTO Courses (id,name,dep_abbreviation) VALUES(326,'Software Engineering','CSC');
INSERT INTO Courses (id,name,dep_abbreviation) VALUES(333,'Automata, Grammars, and Computability','CSC');
INSERT INTO Courses (id,name,dep_abbreviation) VALUES(340,'Information Systems Management','CSC');
INSERT INTO Courses (id,name,dep_abbreviation) VALUES(342,'Applied Web','CSC');
INSERT INTO Courses (id,name,dep_abbreviation) VALUES(379,'Ethics in Computing','CSC');
INSERT INTO Courses (id,name,dep_abbreviation) VALUES(401,'Data and Computer Communications Networks','CSC');
INSERT INTO Courses (id,name,dep_abbreviation) VALUES(402,'Network Projects','CSC');
INSERT INTO Courses (id,name,dep_abbreviation) VALUES(405,'Introduction to Computer Security','CSC');
INSERT INTO Courses (id,name,dep_abbreviation) VALUES(411,'Introduction to Artificial Intelligence','CSC');
INSERT INTO Courses (id,name,dep_abbreviation) VALUES(413,'Electronic Commerce Technology','CSC');
INSERT INTO Courses (id,name,dep_abbreviation) VALUES(416,'Introduction to Combinatorics','CSC');
INSERT INTO Courses (id,name,dep_abbreviation) VALUES(417,'Theory of Programming Languages','CSC');
INSERT INTO Courses (id,name,dep_abbreviation) VALUES(422,'Automated Learning and Data Analysis','CSC');
INSERT INTO Courses (id,name,dep_abbreviation) VALUES(423,'Information Resources Management','CSC');
INSERT INTO Courses (id,name,dep_abbreviation) VALUES(425,'Engineering Knowledge','CSC');
INSERT INTO Courses (id,name,dep_abbreviation) VALUES(427,'Introduction to Numerical Analysis I','CSC');
INSERT INTO Courses (id,name,dep_abbreviation) VALUES(428,'Introduction to Numerical Analysis II','CSC');
INSERT INTO Courses (id,name,dep_abbreviation) VALUES(431,'File Organization and Processing','CSC');
INSERT INTO Courses (id,name,dep_abbreviation) VALUES(440,'Database Management Systems','CSC');
INSERT INTO Courses (id,name,dep_abbreviation) VALUES(441,'Introduction to Simulation','CSC');
INSERT INTO Courses (id,name,dep_abbreviation) VALUES(450,'Web Services','CSC');
INSERT INTO Courses (id,name,dep_abbreviation) VALUES(453,'Software for Wireless Sensor Systems','CSC');
INSERT INTO Courses (id,name,dep_abbreviation) VALUES(454,'Human','CSC');
INSERT INTO Courses (id,name,dep_abbreviation) VALUES(456,'Computer Architecture and Multiprocessors','CSC');
INSERT INTO Courses (id,name,dep_abbreviation) VALUES(461,'Computer Graphics','CSC');
INSERT INTO Courses (id,name,dep_abbreviation) VALUES(462,'Advanced Computer Graphics Projects','CSC');
INSERT INTO Courses (id,name,dep_abbreviation) VALUES(467,'Multimedia Technology','CSC');
INSERT INTO Courses (id,name,dep_abbreviation) VALUES(474,'Network Security','CSC');
INSERT INTO Courses (id,name,dep_abbreviation) VALUES(481,'Game Engine Foundations','CSC');
INSERT INTO Courses (id,name,dep_abbreviation) VALUES(482,'Advanced Computer Game Projects','CSC');
INSERT INTO Courses (id,name,dep_abbreviation) VALUES(484,'Building Game AI','CSC');
INSERT INTO Courses (id,name,dep_abbreviation) VALUES(485,'Innovating in Technology','CSC');
INSERT INTO Courses (id,name,dep_abbreviation) VALUES(492,'Senior Design Project','CSC');
INSERT INTO Courses (id,name,dep_abbreviation) VALUES(495,'Special Topics in Computer Science','CSC');
INSERT INTO Courses (id,name,dep_abbreviation) VALUES(499,'Independent Research in Computer Science','CSC');
INSERT INTO Courses (id,name,dep_abbreviation) VALUES(501,'Operating Systems Principles','CSC');
INSERT INTO Courses (id,name,dep_abbreviation) VALUES(503,'Computational Applied Logic','CSC');
INSERT INTO Courses (id,name,dep_abbreviation) VALUES(505,'Design and Analysis Of Algorithms','CSC');
INSERT INTO Courses (id,name,dep_abbreviation) VALUES(506,'Architecture Of Parallel Computers','CSC');
INSERT INTO Courses (id,name,dep_abbreviation) VALUES(510,'Software Engineering','CSC');
INSERT INTO Courses (id,name,dep_abbreviation) VALUES(512,'Compiler Construction','CSC');
INSERT INTO Courses (id,name,dep_abbreviation) VALUES(513,'Electronic Commerce Technology','CSC');
INSERT INTO Courses (id,name,dep_abbreviation) VALUES(515,'Software Security','CSC');
INSERT INTO Courses (id,name,dep_abbreviation) VALUES(517,'Object','CSC');
INSERT INTO Courses (id,name,dep_abbreviation) VALUES(520,'Artificial Intelligence I','CSC');
INSERT INTO Courses (id,name,dep_abbreviation) VALUES(521,'Artificial Intelligence Programming','CSC');
INSERT INTO Courses (id,name,dep_abbreviation) VALUES(522,'Automated Learning and Data Analysis','CSC');
INSERT INTO Courses (id,name,dep_abbreviation) VALUES(525,'Engineering Knowledge','CSC');
INSERT INTO Courses (id,name,dep_abbreviation) VALUES(530,'Computational Methods for Molecular Biology','CSC');
INSERT INTO Courses (id,name,dep_abbreviation) VALUES(540,'Database Management concepts and Systems','CSC');
INSERT INTO Courses (id,name,dep_abbreviation) VALUES(541,'Advanced Data Structures','CSC');
INSERT INTO Courses (id,name,dep_abbreviation) VALUES(546,'Management Decision and Control Systems','CSC');
INSERT INTO Courses (id,name,dep_abbreviation) VALUES(547,'Cloud Computing Technology','CSC');
INSERT INTO Courses (id,name,dep_abbreviation) VALUES(548,'Parallel Systems','CSC');
INSERT INTO Courses (id,name,dep_abbreviation) VALUES(554,'Human','CSC');
INSERT INTO Courses (id,name,dep_abbreviation) VALUES(555,'Social Computing','CSC');
INSERT INTO Courses (id,name,dep_abbreviation) VALUES(557,'Multimedia Computing and Networking','CSC');
INSERT INTO Courses (id,name,dep_abbreviation) VALUES(561,'Principles of Computer Graphics','CSC');
INSERT INTO Courses (id,name,dep_abbreviation) VALUES(563,'Visual Interfaces for Mobile Devices','CSC');
INSERT INTO Courses (id,name,dep_abbreviation) VALUES(565,'Graph Theory','CSC');
INSERT INTO Courses (id,name,dep_abbreviation) VALUES(568,'Enterprise Storage Architecture','CSC');
INSERT INTO Courses (id,name,dep_abbreviation) VALUES(570,'Computer Networks','CSC');
INSERT INTO Courses (id,name,dep_abbreviation) VALUES(573,'Internet Protocols','CSC');
INSERT INTO Courses (id,name,dep_abbreviation) VALUES(574,'Computer and Network Security','CSC');
INSERT INTO Courses (id,name,dep_abbreviation) VALUES(575,'Introduction to Wireless Networking','CSC');
INSERT INTO Courses (id,name,dep_abbreviation) VALUES(576,'Networking Services: QoS, Signaling, Processes','CSC');
INSERT INTO Courses (id,name,dep_abbreviation) VALUES(579,'Introduction to Computer Performance Modeling','CSC');
INSERT INTO Courses (id,name,dep_abbreviation) VALUES(580,'Numerical Analysis I','CSC');
INSERT INTO Courses (id,name,dep_abbreviation) VALUES(582,'Computer Models of Interactive Narrative','CSC');
INSERT INTO Courses (id,name,dep_abbreviation) VALUES(583,'Introduction to Parallel Computing','CSC');
INSERT INTO Courses (id,name,dep_abbreviation) VALUES(584,'Building Game AI','CSC');
INSERT INTO Courses (id,name,dep_abbreviation) VALUES(591,'Special Topics In Computer Science','CSC');
INSERT INTO Courses (id,name,dep_abbreviation) VALUES(600,'Computer Science Graduate Orientation','CSC');
INSERT INTO Courses (id,name,dep_abbreviation) VALUES(630,'Master''s Independent Study','CSC');
INSERT INTO Courses (id,name,dep_abbreviation) VALUES(685,'Master''s Supervised Teaching','CSC');
INSERT INTO Courses (id,name,dep_abbreviation) VALUES(688,'Non','CSC');
INSERT INTO Courses (id,name,dep_abbreviation) VALUES(689,'Non','CSC');
INSERT INTO Courses (id,name,dep_abbreviation) VALUES(690,'Master''s Examination','CSC');
INSERT INTO Courses (id,name,dep_abbreviation) VALUES(693,'Master''s Supervised Research','CSC');
INSERT INTO Courses (id,name,dep_abbreviation) VALUES(695,'Master''s Thesis Research','CSC');
INSERT INTO Courses (id,name,dep_abbreviation) VALUES(696,'Summer Thesis Research','CSC');
INSERT INTO Courses (id,name,dep_abbreviation) VALUES(699,'Master''s Thesis Preparation','CSC');
INSERT INTO Courses (id,name,dep_abbreviation) VALUES(705,'Operating Systems Security','CSC');
INSERT INTO Courses (id,name,dep_abbreviation) VALUES(707,'Automata, Languages and Computability Theory','CSC');
INSERT INTO Courses (id,name,dep_abbreviation) VALUES(710,'Software Engineering as a Human Activity','CSC');
INSERT INTO Courses (id,name,dep_abbreviation) VALUES(712,'Software Testing and Reliability','CSC');
INSERT INTO Courses (id,name,dep_abbreviation) VALUES(714,'Real Time Computer Systems','CSC');
INSERT INTO Courses (id,name,dep_abbreviation) VALUES(720,'Artificial Intelligence II','CSC');
INSERT INTO Courses (id,name,dep_abbreviation) VALUES(722,'Advanced Topics in Machine Learning','CSC');
INSERT INTO Courses (id,name,dep_abbreviation) VALUES(724,'Advanced Distributed Systems','CSC');
INSERT INTO Courses (id,name,dep_abbreviation) VALUES(742,'Database Management Systems','CSC');
INSERT INTO Courses (id,name,dep_abbreviation) VALUES(743,'Secure Data Management','CSC');
INSERT INTO Courses (id,name,dep_abbreviation) VALUES(750,'Service','CSC');
INSERT INTO Courses (id,name,dep_abbreviation) VALUES(761,'Advanced Topics in Computer Graphics','CSC');
INSERT INTO Courses (id,name,dep_abbreviation) VALUES(762,'Computer Simulation Techniques','CSC');
INSERT INTO Courses (id,name,dep_abbreviation) VALUES(766,'Code Optimization for Scalar and Parallel Programs','CSC');
INSERT INTO Courses (id,name,dep_abbreviation) VALUES(772,'Survivable Networks','CSC');
INSERT INTO Courses (id,name,dep_abbreviation) VALUES(773,'Advanced Topics in Internet Protocols','CSC');
INSERT INTO Courses (id,name,dep_abbreviation) VALUES(774,'Advanced Network Security','CSC');
INSERT INTO Courses (id,name,dep_abbreviation) VALUES(775,'Advanced Topics in Wireless Networking','CSC');
INSERT INTO Courses (id,name,dep_abbreviation) VALUES(776,'Design and Performance Evaluation of Network Systems and Services','CSC');
INSERT INTO Courses (id,name,dep_abbreviation) VALUES(777,'Telecommunications Network Design','CSC');
INSERT INTO Courses (id,name,dep_abbreviation) VALUES(778,'Optical Networks','CSC');
INSERT INTO Courses (id,name,dep_abbreviation) VALUES(779,'Advanced Computer Performance Modeling','CSC');
INSERT INTO Courses (id,name,dep_abbreviation) VALUES(780,'Numerical Analysis II','CSC');
INSERT INTO Courses (id,name,dep_abbreviation) VALUES(783,'Parallel Algorithms and Scientific Computation','CSC');
INSERT INTO Courses (id,name,dep_abbreviation) VALUES(791,'Advanced Topics In Computer Science','CSC');
INSERT INTO Courses (id,name,dep_abbreviation) VALUES(801,'Seminar in Computer Science','CSC');
INSERT INTO Courses (id,name,dep_abbreviation) VALUES(830,'Doctoral Independent Study','CSC');
INSERT INTO Courses (id,name,dep_abbreviation) VALUES(885,'Doctoral Supervised Teaching','CSC');
INSERT INTO Courses (id,name,dep_abbreviation) VALUES(890,'Doctoral Preliminary Exam','CSC');
INSERT INTO Courses (id,name,dep_abbreviation) VALUES(893,'Doctoral Supervised Research','CSC');
INSERT INTO Courses (id,name,dep_abbreviation) VALUES(895,'Doctoral Dissertation Research','CSC');
INSERT INTO Courses (id,name,dep_abbreviation) VALUES(896,'Summer Dissertation Research','CSC');
INSERT INTO Courses (id,name,dep_abbreviation) VALUES(899,'Doctoral Dissertation Preparation','CSC');

INSERT INTO Courses (id,name,dep_abbreviation) VALUES(100,'Chemistry and Society','CH');
INSERT INTO Courses (id,name,dep_abbreviation) VALUES(101,'Chemistry','CH');
INSERT INTO Courses (id,name,dep_abbreviation) VALUES(102,'General Chemistry Laboratory','CH');
INSERT INTO Courses (id,name,dep_abbreviation) VALUES(103,'General Chemistry I for Students in Chemical Sciences','CH');
INSERT INTO Courses (id,name,dep_abbreviation) VALUES(104,'General Chemistry Laboratory I for Students in Chemical Sciences','CH');
INSERT INTO Courses (id,name,dep_abbreviation) VALUES(111,'Preparatory Chemistry','CH');
INSERT INTO Courses (id,name,dep_abbreviation) VALUES(201,'Chemistry','CH');
INSERT INTO Courses (id,name,dep_abbreviation) VALUES(202,'Quantitative Chemistry Laboratory','CH');
INSERT INTO Courses (id,name,dep_abbreviation) VALUES(203,'General Chemistry II for Students in Chemical Sciences','CH');
INSERT INTO Courses (id,name,dep_abbreviation) VALUES(204,'General Chemistry Laboratory II for Students in Chemical Sciences','CH');
INSERT INTO Courses (id,name,dep_abbreviation) VALUES(211,'Analytical Chemistry I','CH');
INSERT INTO Courses (id,name,dep_abbreviation) VALUES(220,'Introductory Organic Chemistry','CH');
INSERT INTO Courses (id,name,dep_abbreviation) VALUES(221,'Organic Chemistry I','CH');
INSERT INTO Courses (id,name,dep_abbreviation) VALUES(222,'Organic Chemistry I Lab','CH');
INSERT INTO Courses (id,name,dep_abbreviation) VALUES(223,'Organic Chemistry II','CH');
INSERT INTO Courses (id,name,dep_abbreviation) VALUES(224,'Organic Chemistry II Lab','CH');
INSERT INTO Courses (id,name,dep_abbreviation) VALUES(225,'Organic Chemistry I for Students in Chemical Sciences','CH');
INSERT INTO Courses (id,name,dep_abbreviation) VALUES(226,'Organic Chemistry Laboratory I for Students in Chemical Sciences','CH');
INSERT INTO Courses (id,name,dep_abbreviation) VALUES(227,'Organic Chemistry II for Students in Chemical Sciences','CH');
INSERT INTO Courses (id,name,dep_abbreviation) VALUES(228,'Organic Chemistry Laboratory II for Students in Chemical Sciences','CH');
INSERT INTO Courses (id,name,dep_abbreviation) VALUES(230,'Computational Chemistry Lab I','CH');
INSERT INTO Courses (id,name,dep_abbreviation) VALUES(232,'Computational Chemistry Lab II','CH');
INSERT INTO Courses (id,name,dep_abbreviation) VALUES(295,'Special Topics in Chemistry','CH');
INSERT INTO Courses (id,name,dep_abbreviation) VALUES(315,'Quantitative Analysis','CH');
INSERT INTO Courses (id,name,dep_abbreviation) VALUES(316,'Quantitative Analysis Laboratory','CH');
INSERT INTO Courses (id,name,dep_abbreviation) VALUES(331,'Introductory Physical Chemistry','CH');
INSERT INTO Courses (id,name,dep_abbreviation) VALUES(335,'Principles of Green Chemistry','CH');
INSERT INTO Courses (id,name,dep_abbreviation) VALUES(401,'Systematic Inorganic Chemistry I','CH');
INSERT INTO Courses (id,name,dep_abbreviation) VALUES(403,'Systematic Inorganic Chemistry II','CH');
INSERT INTO Courses (id,name,dep_abbreviation) VALUES(415,'Analytical Chemistry II','CH');
INSERT INTO Courses (id,name,dep_abbreviation) VALUES(431,'Physical Chemistry I','CH');
INSERT INTO Courses (id,name,dep_abbreviation) VALUES(433,'Physical Chemistry II','CH');
INSERT INTO Courses (id,name,dep_abbreviation) VALUES(435,'Introduction to Quantum Chemistry','CH');
INSERT INTO Courses (id,name,dep_abbreviation) VALUES(437,'Physical Chemistry for Engineers','CH');
INSERT INTO Courses (id,name,dep_abbreviation) VALUES(441,'Forensic Chemistry','CH');
INSERT INTO Courses (id,name,dep_abbreviation) VALUES(442,'Advanced Synthetic Techniques','CH');
INSERT INTO Courses (id,name,dep_abbreviation) VALUES(444,'Advanced Synthetic Techniques II','CH');
INSERT INTO Courses (id,name,dep_abbreviation) VALUES(452,'Advanced Measurement Techniques I','CH');
INSERT INTO Courses (id,name,dep_abbreviation) VALUES(454,'Advanced Measurement Techniques II','CH');
INSERT INTO Courses (id,name,dep_abbreviation) VALUES(463,'Molecular Origins of Life','CH');
INSERT INTO Courses (id,name,dep_abbreviation) VALUES(491,'Honors Chemistry','CH');
INSERT INTO Courses (id,name,dep_abbreviation) VALUES(495,'Special Topics in Chemistry','CH');
INSERT INTO Courses (id,name,dep_abbreviation) VALUES(499,'Undergraduate Research in Chemistry','CH');
INSERT INTO Courses (id,name,dep_abbreviation) VALUES(563,'Molecular Origins of Life','CH');
INSERT INTO Courses (id,name,dep_abbreviation) VALUES(572,'Proteomics','CH');
INSERT INTO Courses (id,name,dep_abbreviation) VALUES(601,'Seminar','CH');
INSERT INTO Courses (id,name,dep_abbreviation) VALUES(610,'Special Topics In Chemistry','CH');
INSERT INTO Courses (id,name,dep_abbreviation) VALUES(677,'Advanced Chemistry Projects','CH');
INSERT INTO Courses (id,name,dep_abbreviation) VALUES(685,'Master''s Supervised Teaching','CH');
INSERT INTO Courses (id,name,dep_abbreviation) VALUES(688,'Non','CH');
INSERT INTO Courses (id,name,dep_abbreviation) VALUES(689,'Non','CH');
INSERT INTO Courses (id,name,dep_abbreviation) VALUES(690,'Master''s Examination','CH');
INSERT INTO Courses (id,name,dep_abbreviation) VALUES(693,'Master''s Supervised Research','CH');
INSERT INTO Courses (id,name,dep_abbreviation) VALUES(695,'Master''s Thesis Research','CH');
INSERT INTO Courses (id,name,dep_abbreviation) VALUES(696,'Summer Thesis Research','CH');
INSERT INTO Courses (id,name,dep_abbreviation) VALUES(699,'Master''s Thesis Preparation','CH');
INSERT INTO Courses (id,name,dep_abbreviation) VALUES(701,'Advanced Inorganic Chemistry I: Structure and Bonding','CH');
INSERT INTO Courses (id,name,dep_abbreviation) VALUES(703,'Advanced Inorganic Chemistry II: Applications of Group Theory to Bonding and Spectroscopy','CH');
INSERT INTO Courses (id,name,dep_abbreviation) VALUES(705,'Organometallic and Inorganic Reaction Mechanism','CH');
INSERT INTO Courses (id,name,dep_abbreviation) VALUES(711,'Advanced Analytical Chemistry I','CH');
INSERT INTO Courses (id,name,dep_abbreviation) VALUES(713,'Advanced Analytical Chemistry II','CH');
INSERT INTO Courses (id,name,dep_abbreviation) VALUES(714,'Electronics and Instrumentation Laboratory','CH');
INSERT INTO Courses (id,name,dep_abbreviation) VALUES(721,'Advanced Organic Chemistry I','CH');
INSERT INTO Courses (id,name,dep_abbreviation) VALUES(723,'Advanced Organic Chemistry II','CH');
INSERT INTO Courses (id,name,dep_abbreviation) VALUES(725,'Physical Methods in Organic Chemistry','CH');
INSERT INTO Courses (id,name,dep_abbreviation) VALUES(727,'Mass Spectrometry','CH');
INSERT INTO Courses (id,name,dep_abbreviation) VALUES(730,'Advanced Physical Chemistry','CH');
INSERT INTO Courses (id,name,dep_abbreviation) VALUES(732,'Advanced Physical Chemistry in Biological Applications','CH');
INSERT INTO Courses (id,name,dep_abbreviation) VALUES(734,'Spectroscopic Methods in Chemical Biology','CH');
INSERT INTO Courses (id,name,dep_abbreviation) VALUES(735,'Magnetic Resonance in Chemistry','CH');
INSERT INTO Courses (id,name,dep_abbreviation) VALUES(736,'Chemical Spectroscopy','CH');
INSERT INTO Courses (id,name,dep_abbreviation) VALUES(737,'Quantum Chemistry','CH');
INSERT INTO Courses (id,name,dep_abbreviation) VALUES(743,'Electrochemistry','CH');
INSERT INTO Courses (id,name,dep_abbreviation) VALUES(745,'Chemical Separation','CH');
INSERT INTO Courses (id,name,dep_abbreviation) VALUES(747,'Nanobiotechnology','CH');
INSERT INTO Courses (id,name,dep_abbreviation) VALUES(755,'Organic Reaction Mechanisms','CH');
INSERT INTO Courses (id,name,dep_abbreviation) VALUES(757,'Combinatorial Bioorganic Synthetic Chemistry','CH');
INSERT INTO Courses (id,name,dep_abbreviation) VALUES(759,'Natural Products','CH');
INSERT INTO Courses (id,name,dep_abbreviation) VALUES(765,'Chemistry of Materials','CH');
INSERT INTO Courses (id,name,dep_abbreviation) VALUES(770,'Bioinorganic Chemistry','CH');
INSERT INTO Courses (id,name,dep_abbreviation) VALUES(772,'Solid State Chemistry','CH');
INSERT INTO Courses (id,name,dep_abbreviation) VALUES(795,'Special Topics in Chemistry','CH');
INSERT INTO Courses (id,name,dep_abbreviation) VALUES(801,'Seminar','CH');
INSERT INTO Courses (id,name,dep_abbreviation) VALUES(810,'Special Topics In Chemistry','CH');
INSERT INTO Courses (id,name,dep_abbreviation) VALUES(815,'Advanced Topics In Chemistry','CH');
INSERT INTO Courses (id,name,dep_abbreviation) VALUES(877,'Advanced Chemistry Projects','CH');
INSERT INTO Courses (id,name,dep_abbreviation) VALUES(885,'Doctoral Supervised Teaching','CH');
INSERT INTO Courses (id,name,dep_abbreviation) VALUES(890,'Doctoral Preliminary Examination','CH');
INSERT INTO Courses (id,name,dep_abbreviation) VALUES(893,'Doctoral Supervised Research','CH');
INSERT INTO Courses (id,name,dep_abbreviation) VALUES(895,'Doctoral Dissertation Research','CH');
INSERT INTO Courses (id,name,dep_abbreviation) VALUES(896,'Summer Dissertation Research','CH');
INSERT INTO Courses (id,name,dep_abbreviation) VALUES(899,'Doctoral Dissertation Preparation','CH');

INSERT INTO Library (id,name) VALUES(0,'James B. Hunt, Jr. Library');
INSERT INTO Library (id,name) VALUES(1,'D.H. Hill Library');

SELECT INSERT_FACULTY('Rob','St Amant',0001,'GOOD','USA (United States of America)','Professor','CSC',540) FROM DUAL;
SELECT INSERT_FACULTY('Robert','Baratheon',0002,'GOOD','India','Professor','CSC',116) FROM DUAL;
SELECT INSERT_FACULTY('Ash','Katchem',0003,'GOOD','USA (United States of America)','Professor','CSC',216) FROM DUAL;
SELECT INSERT_FACULTY('Matteo','Darmian',0004,'GOOD','Italy','Assistant Professor','CSC',316) FROM DUAL;
SELECT INSERT_FACULTY('Cristiano','Naldo',0005,'GOOD','Portugal','Lecturer','CSC',326) FROM DUAL;

SELECT INSERT_STUDENT('Maria','Shara',10,'GOOD','Russia','929786773','8900020020','12-Jun-1993','Female','23-Wilson Road','Raleigh',27606,'M.S.',1,'CSC') FROM DUAL;
SELECT INSERT_STUDENT('Roger','Fedex',12,'GOOD','Serbia','929996773','8909020022','12-May-1993','Male','15-Basel ROad','Basel',22606,'M.A.',2,'CSC') FROM DUAL;
SELECT INSERT_STUDENT('Sania','Mir',13,'GOOD','India','9999333','8900020','12-OCT-1992','Female','19-Yawn Road','Raleigh',27606,'M.S.',2,'CSC') FROM DUAL;
SELECT INSERT_STUDENT('Ton','Hewitt',14,'GOOD','Australia','929786773','8901020020','12-Jun-1993','Male','45-Snorlax Road','Raleigh',27606,'B.S.',1,'CSC') FROM DUAL;
SELECT INSERT_STUDENT('Rafa','Nadal',15,'GOOD','Spain','829746773','9944020020','12-Jan-1988','Male','25-Estona Road','Madrid',25606,'M.S.',1,'CSC') FROM DUAL;

INSERT INTO Rooms(room_number,capacity,library_id,floor_no,room_type) VALUES (1,5,0,2,'CONF');
INSERT INTO Rooms(room_number,capacity,library_id,floor_no,room_type) VALUES (2,5,0,2,'CONF');
INSERT INTO Rooms(room_number,capacity,library_id,floor_no,room_type) VALUES (3,2,0,2,'CONF');
INSERT INTO Rooms(room_number,capacity,library_id,floor_no,room_type) VALUES (4,10,0,2,'STUDY');
INSERT INTO Rooms(room_number,capacity,library_id,floor_no,room_type) VALUES (5,7,0,2,'STUDY');
INSERT INTO Rooms(room_number,capacity,library_id,floor_no,room_type) VALUES (6,4,0,2,'STUDY');
INSERT INTO Rooms(room_number,capacity,library_id,floor_no,room_type) VALUES (7,5,1,2,'STUDY');
INSERT INTO Rooms(room_number,capacity,library_id,floor_no,room_type) VALUES (8,5,1,2,'STUDY');
INSERT INTO Rooms(room_number,capacity,library_id,floor_no,room_type) VALUES (9,2,1,2,'STUDY');

INSERT INTO Booked(patron_id,room_number,start_time,end_time,checked_out,checked_in,status) VALUES (10,7,TO_DATE('2015/11/01 09:00', 'YYYY/MM/DD HH24:MI'),TO_DATE('2015/11/01 12:00', 'YYYY/MM/DD HH24:MI'),NULL,NULL,'VALID');
INSERT INTO Booked(patron_id,room_number,start_time,end_time,checked_out,checked_in,status) VALUES (10,8,TO_DATE('2015/11/01 13:00', 'YYYY/MM/DD HH24:MI'),TO_DATE('2015/11/01 16:00', 'YYYY/MM/DD HH24:MI'),NULL,NULL,'VALID');
INSERT INTO Booked(patron_id,room_number,start_time,end_time,checked_out,checked_in,status) VALUES (10,9,TO_DATE('2015/11/02 13:00', 'YYYY/MM/DD HH24:MI'),TO_DATE('2015/11/02 16:00', 'YYYY/MM/DD HH24:MI'),NULL,NULL,'VALID');


